student_id,gender,age,study_hours_per_week,attendance_rate,parent_education,internet_access,extracurricular,previous_score,final_score,passed,Predicted_Score,Score_Difference,Cluster
STU0001,Male,15,25,63.8,Bachelor,Yes,Yes,41,67,Yes,66.81928460269009,0.18071539730991049,0
STU0002,Female,15,2,54.7,Bachelor,Yes,Yes,83,28,No,30.529941964625074,-2.529941964625074,4
STU0003,Female,19,10,90.5,High School,Yes,No,73,49,No,52.24503790938003,-3.245037909380031,2
STU0004,Male,16,26,66.8,High School,No,Yes,75,70,Yes,69.02753611340867,0.9724638865913278,0
STU0005,Female,15,25,73.0,High School,No,Yes,67,77,Yes,68.88143738432194,8.118562615678059,1
STU0006,Female,19,8,85.2,High School,Yes,No,40,37,No,47.590230381849715,-10.590230381849715,3
STU0007,Male,18,10,72.7,Master,Yes,No,75,42,No,46.99985577706189,-4.999855777061889,3
STU0008,Female,15,21,81.7,,Yes,Yes,89,70,Yes,65.6507214421426,4.349278557857403,1
STU0009,Female,19,9,84.2,High School,Yes,Yes,70,49,No,48.7159137571683,0.28408624283169814,3
STU0010,Female,15,8,95.7,,No,Yes,93,56,Yes,50.85972566706286,5.140274332937139,2
STU0011,Female,16,10,57.0,,No,No,81,44,No,42.32302191582875,1.6769780841712532,4
STU0012,Male,16,18,74.7,High School,Yes,Yes,50,69,Yes,59.567250977686854,9.432749022313146,1
STU0013,Female,19,4,69.2,,No,No,31,38,No,37.246902273787235,0.7530977262127649,4
STU0014,Male,19,26,63.3,Master,Yes,No,85,64,Yes,68.08028899493367,-4.080288994933667,0
STU0015,Female,15,25,93.8,Master,Yes,Yes,68,84,Yes,74.08303775861378,9.916962241386216,2
STU0016,Male,16,13,88.1,,Yes,No,92,49,No,55.78447325564578,-6.7844732556457785,2
STU0017,Male,17,30,99.3,Master,Yes,Yes,60,89,Yes,82.5531959906317,6.446804009368293,2
STU0018,Male,15,25,74.3,High School,Yes,Yes,90,79,Yes,69.23327202832694,9.766727971673063,1
STU0019,Male,17,18,93.6,PhD,Yes,Yes,69,65,Yes,64.2546314876637,0.7453685123362987,2
STU0020,Female,18,30,75.9,High School,Yes,Yes,38,70,Yes,76.64792632832986,-6.647926328329859,1
STU0021,Male,19,19,61.5,Bachelor,Yes,Yes,37,46,No,57.81885546982358,-11.818855469823582,0
STU0022,Male,15,29,66.5,,Yes,No,92,72,Yes,73.13531973075942,-1.13531973075942,0
STU0023,Male,19,20,73.6,PhD,No,Yes,42,48,No,62.062195558789014,-14.062195558789014,1
STU0024,Female,17,15,70.6,High School,Yes,Yes,81,67,Yes,53.41313455181981,13.586865448180191,3
STU0025,Female,15,9,59.6,,No,Yes,84,38,No,41.630365794670155,-3.630365794670155,4
STU0026,Female,18,9,93.7,High School,No,Yes,36,53,Yes,51.714767008531446,1.285232991468554,2
STU0027,Male,15,26,92.4,Bachelor,No,No,91,75,Yes,75.52821825018052,-0.5282182501805153,1
STU0028,Female,15,7,68.9,PhD,No,No,66,42,No,41.35468589113799,0.64531410886201,4
STU0029,Female,16,8,64.8,High School,Yes,No,37,24,No,41.64137896152157,-17.641378961521568,4
STU0030,Female,19,29,76.6,High School,Yes,Yes,38,78,Yes,75.44105034285627,2.558949657143728,1
STU0031,Male,16,14,56.0,,Yes,Yes,40,43,No,47.63768151865308,-4.637681518653082,4
STU0032,Female,17,8,83.5,Master,Yes,No,80,42,No,47.13013892430472,-5.130138924304717,3
STU0033,Female,18,12,96.5,High School,Yes,No,42,42,No,56.661540930817196,-14.661540930817196,2
STU0034,Male,19,10,56.6,Master,Yes,Yes,77,41,No,42.214765102288744,-1.2147651022887445,4
STU0035,Male,18,28,77.2,Master,Yes,No,43,62,Yes,74.20711015399769,-12.20711015399769,1
STU0036,Female,15,30,55.4,,Yes,No,66,78,Yes,71.52751856419302,6.4724814358069835,0
STU0037,Male,17,8,84.4,Master,No,No,36,31,No,47.37371675476972,-16.373716754769717,3
STU0038,Female,17,3,50.2,Bachelor,No,Yes,86,38,No,30.708378221468656,7.2916217785313435,4
STU0039,Female,19,2,55.6,Bachelor,Yes,No,48,27,No,30.773519795090074,-3.773519795090074,4
STU0040,Male,15,11,68.2,High School,No,Yes,61,55,Yes,46.750538104117325,8.249461895882675,4
STU0041,Male,17,26,78.0,PhD,Yes,Yes,50,82,Yes,71.63097296274053,10.369027037259471,1
STU0042,Male,18,2,59.0,Master,No,Yes,64,23,No,31.69370271018007,-8.69370271018007,4
STU0043,Male,18,29,51.9,PhD,Yes,Yes,88,72,Yes,69.18394603654943,2.816053963450571,0
STU0044,Female,16,9,51.2,Bachelor,No,No,65,28,No,39.35697271033016,-11.356972710330162,4
STU0045,Female,17,22,75.5,,No,Yes,44,57,Yes,65.36906624144119,-8.369066241441189,1
STU0046,Male,19,10,51.9,,No,No,70,42,No,40.94274754319375,1.0572524568062533,4
STU0047,Male,18,30,78.8,Master,Yes,No,30,75,Yes,77.43278822649486,-2.432788226494864,1
STU0048,Male,17,15,53.5,Master,No,Yes,68,53,Yes,48.35740184319666,4.642598156803338,4
STU0049,Female,18,12,70.1,Master,Yes,Yes,83,61,Yes,49.088837307389056,11.911162692610944,3
STU0050,Female,16,21,78.5,PhD,Yes,No,66,59,Yes,64.7846669338226,-5.784666933822606,1
STU0051,Female,19,21,82.7,PhD,No,No,57,68,Yes,65.9213634759926,2.0786365240073934,1
STU0052,Female,16,23,54.2,,No,Yes,60,68,Yes,61.428470259392924,6.571529740607076,0
STU0053,Female,16,27,60.0,High School,Yes,Yes,90,80,Yes,68.58349569239726,11.416504307602736,0
STU0054,Male,18,15,94.3,,Yes,No,93,66,Yes,60.25510468385295,5.744895316147051,2
STU0055,Male,16,22,84.4,High School,No,Yes,52,78,Yes,67.7777803427062,10.222219657293806,1
STU0056,Female,15,19,62.5,High School,No,Yes,89,71,Yes,58.089497503673584,12.910502496326416,0
STU0057,Female,18,21,90.8,,No,No,50,76,Yes,67.68581002038945,8.314189979610546,2
STU0058,Female,18,10,87.6,Master,No,Yes,65,53,Yes,51.460176011215026,1.539823988784974,2
STU0059,Male,17,9,63.6,Master,Yes,Yes,49,34,No,42.71293393007016,-8.712933930070157,4
STU0060,Female,16,24,60.7,PhD,No,No,89,70,Yes,64.58396888858651,5.4160311114134885,0
STU0061,Male,16,28,71.0,,Yes,No,91,66,Yes,72.5291295441277,-6.529129544127699,1
STU0062,Female,17,26,69.5,PhD,Yes,No,58,64,Yes,69.75826960480367,-5.758269604803672,0
STU0063,Female,18,2,69.4,PhD,Yes,No,46,37,No,34.50837986222007,2.4916201377799325,4
STU0064,Male,18,20,78.2,High School,Yes,No,47,61,Yes,63.30714891449902,-2.3071489144990167,1
STU0065,Male,15,10,69.0,Bachelor,No,No,73,59,Yes,45.57072632202874,13.42927367797126,4
STU0066,Female,17,26,97.6,PhD,No,Yes,90,71,Yes,76.50780289641237,-5.507802896412372,2
STU0067,Male,17,9,82.5,High School,Yes,Yes,55,34,No,48.2558222996233,-14.255822299623297,3
STU0068,Male,16,6,73.7,High School,Yes,No,62,52,Yes,41.685196174237554,10.314803825762446,3
STU0069,Female,16,21,80.4,High School,Yes,No,43,67,Yes,65.2988867981376,1.7011132018623982,1
STU0070,Male,17,20,83.9,PhD,No,Yes,39,65,Yes,64.84980850744402,0.15019149255597597,1
STU0071,Male,15,24,88.6,,Yes,Yes,74,79,Yes,71.70712770321336,7.292872296786641,1
STU0072,Female,17,4,75.3,Master,Yes,No,92,34,No,39.32557261006038,-5.325572610060377,3
STU0073,Female,17,22,94.6,PhD,Yes,No,52,79,Yes,70.11057515818804,8.889424841811959,2
STU0074,Female,19,27,96.0,PhD,No,No,64,77,Yes,77.47110105142096,-0.47110105142095904,2
STU0075,Male,15,10,94.1,Bachelor,No,No,73,42,No,53.219349231240024,-11.219349231240024,2
STU0076,Female,17,7,74.4,Master,No,No,65,49,No,43.27097100710113,5.7290289928988685,3
STU0077,Female,19,2,75.8,Bachelor,Yes,Yes,82,42,No,36.668242808648216,5.331757191351784,3
STU0078,Male,18,22,85.6,PhD,Yes,Yes,67,64,Yes,68.10255078332618,-4.10255078332618,1
STU0079,Female,16,11,83.2,Master,No,No,84,66,Yes,51.237922541655465,14.762077458344535,3
STU0080,Female,17,24,72.7,Master,No,Yes,45,74,Yes,67.40391936499836,6.596080635001641,1
STU0081,Male,17,5,87.1,Bachelor,Yes,Yes,91,44,No,43.91547401865896,0.08452598134103795,3
STU0082,Female,15,28,59.7,Bachelor,No,Yes,68,58,Yes,69.89862849141085,-11.898628491410847,0
STU0083,Male,17,3,98.7,,No,Yes,92,40,No,44.690024722769934,-4.690024722769934,2
STU0084,Male,19,11,73.5,PhD,No,Yes,36,38,No,48.61269481331047,-10.612694813310469,3
STU0085,Female,15,28,53.3,PhD,Yes,Yes,49,56,Yes,68.16651947477084,-12.166519474770837,0
STU0086,Female,15,9,55.9,PhD,Yes,No,87,46,No,40.62899026942516,5.3710097305748405,4
STU0087,Female,19,15,65.3,,Yes,Yes,56,58,Yes,51.550977842626665,6.449022157373335,4
STU0088,Male,17,23,54.1,Bachelor,Yes,Yes,50,45,No,61.40140605600792,-16.40140605600792,0
STU0089,Female,18,24,79.7,Master,Yes,Yes,66,80,Yes,69.29841360194835,10.701586398051646,1
STU0090,Female,18,4,84.4,Master,Yes,No,44,42,No,41.78841511809538,0.21158488190462066,3
STU0091,Male,16,10,91.3,High School,Yes,Yes,69,60,Yes,52.46155153646003,7.5384484635399716,2
STU0092,Female,18,5,73.4,Master,No,No,94,50,Yes,40.207678154913964,9.792321845086036,3
STU0093,Female,18,4,79.9,PhD,No,No,33,23,No,40.57052596577038,-17.57052596577038,3
STU0094,Male,19,20,97.5,Master,Yes,Yes,90,78,Yes,68.10278623801587,9.897213761984133,2
STU0095,Female,17,7,99.8,PhD,No,Yes,90,54,Yes,50.57303259667927,3.426967403320731,2
STU0096,Female,17,12,83.5,Bachelor,No,No,93,55,Yes,52.715440560979054,2.2845594390209456,3
STU0097,Female,19,3,72.7,Master,No,No,44,44,No,37.225577912881796,6.774422087118204,3
STU0098,Female,19,28,99.4,,No,No,36,70,Yes,79.78760937567955,-9.787609375679551,2
STU0099,Female,19,26,74.9,PhD,Yes,Yes,64,76,Yes,70.79198265780553,5.208017342194466,1
STU0100,Male,17,16,94.0,PhD,Yes,Yes,60,71,Yes,61.57023748286653,9.429762517133469,2
STU0101,Male,17,19,50.7,PhD,Yes,Yes,44,51,Yes,54.89592150424359,-3.8959215042435886,0
STU0102,Male,16,17,96.6,Master,No,No,91,72,Yes,63.67023218004512,8.329767819954881,2
STU0103,Male,18,19,57.2,Bachelor,Yes,Yes,65,67,Yes,56.65509472426859,10.344905275731413,0
STU0104,Female,17,27,75.4,High School,No,No,92,70,Yes,72.3236290838991,-2.3236290838991067,1
STU0105,Female,19,17,67.3,,No,No,71,50,Yes,56.59592844781641,-6.595928447816412,0
STU0106,Male,19,14,61.7,PhD,Yes,No,90,64,Yes,49.18034111159808,14.819658888401918,4
STU0107,Female,18,23,89.6,Bachelor,No,Yes,46,71,Yes,70.58144432789477,0.4185556721052279,1
STU0108,Female,15,29,92.3,High School,No,Yes,48,78,Yes,79.69013027430128,-1.690130274301282,1
STU0109,Male,15,17,89.1,Master,No,No,40,55,Yes,61.64041692617012,-6.6404169261701185,2
STU0110,Female,17,22,85.9,PhD,Yes,Yes,60,75,Yes,68.1837433934812,6.816256606518806,1
STU0111,Female,16,25,54.5,High School,Yes,No,51,71,Yes,64.30231368788509,6.697686312114911,0
STU0112,Female,15,3,66.2,High School,No,No,77,37,No,35.03865076306865,1.9613492369313477,4
STU0113,Male,16,18,70.6,Bachelor,Yes,Yes,40,60,Yes,58.885372568689995,1.114627431310005,0
STU0114,Female,19,23,62.0,,Yes,Yes,89,75,Yes,63.539478123422924,11.460521876577076,0
STU0115,Female,18,10,83.3,PhD,No,Yes,39,46,No,49.868661335871884,-3.8686613358718844,3
STU0116,Female,19,11,81.9,PhD,No,No,68,45,No,50.88608789765047,-5.886087897650469,3
STU0117,Female,18,5,61.9,,No,No,67,24,No,36.66754083585082,-12.667540835850822,4
STU0118,Female,17,2,78.3,High School,No,No,59,42,No,37.34484789327321,4.6551521067267885,3
STU0119,Female,16,22,59.5,Master,Yes,Yes,35,51,Yes,61.46654762962934,-10.46654762962934,0
STU0120,Female,15,20,68.2,Bachelor,Yes,No,71,72,Yes,61.02848250578717,10.971517494212833,0
STU0121,Female,16,8,56.6,,No,No,51,32,No,39.42211428395157,-7.422114283951572,4
STU0122,Female,17,25,93.5,High School,No,Yes,48,84,Yes,74.00184514845878,9.998154851541216,2
STU0123,Male,18,29,90.2,Master,Yes,No,31,69,Yes,79.12178200321628,-10.121782003216282,1
STU0124,Male,18,13,83.6,Master,No,No,43,59,Yes,54.13883017353263,4.861169826467368,3
STU0125,Male,18,2,81.0,,No,Yes,38,39,No,38.07558138466821,0.9244186153317884,3
STU0126,Female,17,22,70.4,Bachelor,Yes,Yes,68,67,Yes,64.41654579859434,2.583454201405658,0
STU0127,Male,15,9,94.4,Bachelor,No,No,77,63,Yes,51.90421643222645,11.095783567773552,2
STU0128,Female,19,25,86.3,PhD,Yes,No,82,72,Yes,72.48097643452694,-0.48097643452693717,1
STU0129,Male,17,8,72.2,Bachelor,No,Yes,77,51,Yes,44.07188394179972,6.928116058200281,3
STU0130,Female,15,14,63.8,High School,No,Yes,57,56,Yes,49.748689382683075,6.251310617316925,4
STU0131,Male,15,27,66.7,Bachelor,Yes,Yes,56,74,Yes,70.39679731919226,3.6032026808077404,0
STU0132,Male,16,12,88.7,,Yes,No,48,43,No,54.550533066787196,-11.550533066787196,2
STU0133,Female,16,5,83.1,High School,Yes,Yes,75,57,Yes,42.83290588325896,14.16709411674104,3
STU0134,Male,19,12,50.8,Master,Yes,Yes,83,50,Yes,43.437692124295914,6.562307875704086,4
STU0135,Male,15,17,72.4,Master,Yes,No,94,58,Yes,56.692941031086974,1.3070589689130259,3
STU0136,Male,19,11,72.9,High School,Yes,No,81,52,Yes,48.45030959300047,3.549690406999531,3
STU0137,Male,18,24,95.5,High School,Yes,No,48,61,Yes,73.1468038069902,-12.146803806990206,2
STU0138,Male,17,21,81.7,,No,No,67,68,Yes,65.6507214421426,2.349278557857403,1
STU0139,Female,15,27,85.1,,Yes,No,87,75,Yes,74.9488568122441,0.05114318775589766,1
STU0140,Female,17,28,72.7,PhD,Yes,No,84,75,Yes,72.98922100167269,2.0107789983273108,1
STU0141,Female,17,6,84.3,PhD,Yes,Yes,40,29,No,44.55400173304755,-15.55400173304755,3
STU0142,Female,15,25,86.9,Bachelor,Yes,No,45,70,Yes,72.64336165483694,-2.643361654836937,1
STU0143,Female,18,29,95.8,High School,No,No,75,75,Yes,80.63737739277627,-5.637377392776273,1
STU0144,Male,16,23,74.1,High School,No,No,44,74,Yes,66.38649280321977,7.613507196780233,1
STU0145,Female,19,9,90.4,,Yes,No,33,37,No,50.821648296826446,-13.821648296826446,2
STU0146,Female,17,12,67.6,Bachelor,Yes,No,38,34,No,47.98447829297591,-13.984478292975908,4
STU0147,Male,15,25,76.5,PhD,No,No,73,65,Yes,69.82868450279693,-4.828684502796932,1
STU0148,Female,17,25,66.2,,Yes,Yes,49,57,Yes,67.46882548393009,-10.46882548393009,0
STU0149,Male,15,10,72.2,PhD,No,No,83,46,No,46.86453476013689,-0.8645347601368911,3
STU0150,Male,19,5,67.3,High School,No,No,69,27,No,38.129007818640815,-11.129007818640815,4
STU0151,Male,18,21,52.7,Bachelor,No,Yes,47,65,Yes,58.22985639028075,6.7701436097192484,0
STU0152,Female,17,12,56.0,PhD,No,Yes,46,41,No,44.84503070031591,-3.8450307003159097,4
STU0153,Male,19,19,91.7,Master,Yes,No,35,61,Yes,65.13673703251729,-4.1367370325172885,2
STU0154,Male,18,4,93.1,,No,No,83,44,No,44.570754742378526,-0.5707547423785257,2
STU0155,Male,18,2,98.3,Bachelor,No,No,41,38,No,43.185442500061356,-5.185442500061356,2
STU0156,Male,16,15,79.4,,Yes,No,69,68,Yes,55.794784449699804,12.205215550300196,3
STU0157,Female,16,12,89.0,High School,Yes,Yes,74,55,Yes,54.631725676942196,0.36827432305780405,2
STU0158,Male,16,5,57.3,Bachelor,Yes,Yes,39,22,No,35.42258748014082,-13.42258748014082,4
STU0159,Female,18,26,78.2,,No,No,70,65,Yes,71.68510136951053,-6.685101369510534,1
STU0160,Female,15,17,72.1,Master,No,Yes,75,63,Yes,56.611748420931974,6.388251579068026,3
STU0161,Male,17,16,72.6,High School,No,No,39,58,Yes,55.35074402868839,2.649255971311611,3
STU0162,Male,19,21,75.4,PhD,Yes,No,54,59,Yes,63.945676628887604,-4.945676628887604,1
STU0163,Female,19,6,97.9,PhD,Yes,No,40,47,No,48.66248732319569,-1.6624873231956911,2
STU0164,Male,15,9,85.4,PhD,Yes,No,77,48,No,49.0406841977883,-1.040684197788302,3
STU0165,Female,18,26,66.9,,Yes,No,38,61,Yes,69.05460031679368,-8.054600316793682,0
STU0166,Male,19,23,69.3,Master,Yes,No,40,66,Yes,65.51516497052792,0.48483502947208024,0
STU0167,Male,17,11,98.4,PhD,Yes,Yes,69,61,Yes,55.77943538596361,5.220564614036391,2
STU0168,Female,17,28,56.4,,Yes,No,95,73,Yes,69.00550977970585,3.9944902202941535,0
STU0169,Male,17,11,59.0,Bachelor,No,No,54,37,No,44.26063139269733,-7.260631392697327,4
STU0170,Male,16,4,64.8,High School,Yes,No,46,38,No,36.05607732484724,1.9439226751527627,4
STU0171,Female,16,7,59.0,,Yes,No,35,33,No,38.67532975602299,-5.67532975602299,4
STU0172,Female,16,16,80.5,PhD,Yes,Yes,69,71,Yes,57.48881609610339,13.511183903896608,3
STU0173,Female,16,13,83.9,,No,No,66,66,Yes,54.22002278368764,11.77997721631236,3
STU0174,Female,19,18,70.9,Bachelor,Yes,Yes,62,46,No,58.966565178845,-12.966565178845002,0
STU0175,Female,17,19,96.7,,Yes,No,40,74,Yes,66.48994720176728,7.510052798232721,2
STU0176,Male,17,16,95.3,Bachelor,No,Yes,58,63,Yes,61.922072126871534,1.0779278731284663,2
STU0177,Female,15,15,52.7,,No,Yes,79,41,No,48.140888216116664,-7.1408882161166645,4
STU0178,Female,16,2,65.9,High School,No,Yes,47,20,No,33.56113274374507,-13.56113274374507,4
STU0179,Female,18,24,91.6,PhD,No,Yes,40,56,Yes,72.51905380476336,-16.51905380476336,1
STU0180,Female,16,28,57.5,,No,Yes,66,64,Yes,69.30321601694084,-5.303216016940837,0
STU0181,Female,15,3,61.9,,No,Yes,44,31,No,33.87489001751365,-2.87489001751365,4
STU0182,Male,19,20,62.1,Bachelor,No,No,30,58,Yes,59.37756609930217,-1.3775660993021717,0
STU0183,Female,16,20,70.8,High School,No,Yes,94,80,Yes,61.732151793797165,18.267848206202835,0
STU0184,Male,18,29,73.5,PhD,No,No,32,67,Yes,74.60206003792128,-7.602060037921277,1
STU0185,Male,17,9,86.6,High School,No,Yes,35,42,No,49.365454638408295,-7.365454638408295,3
STU0186,Female,16,28,89.0,PhD,No,Yes,47,65,Yes,77.40068615342769,-12.400686153427685,1
STU0187,Female,15,11,60.1,Bachelor,Yes,No,69,49,No,44.558337629932325,4.441662370067675,4
STU0188,Female,19,17,62.7,Bachelor,No,No,36,56,Yes,55.35097509210642,0.6490249078935832,0
STU0189,Female,17,5,90.0,PhD,No,No,79,45,No,45.128089846612106,-0.12808984661210587,2
STU0190,Male,18,24,74.9,,No,Yes,84,62,Yes,67.99933183946835,-5.999331839468354,1
STU0191,Female,19,28,59.0,Master,No,Yes,40,62,Yes,69.70917906771584,-7.709179067715837,0
STU0192,Female,17,16,80.1,PhD,Yes,No,74,61,Yes,57.38055928256339,3.6194407174366106,3
STU0193,Male,17,21,99.9,Master,Yes,Yes,81,73,Yes,70.14865252842445,2.8513474715755507,2
STU0194,Male,15,6,92.4,PhD,Yes,Yes,38,36,No,47.173956137020696,-11.173956137020696,2
STU0195,Female,17,14,97.5,High School,Yes,No,77,61,Yes,59.724833783004364,1.2751662169956361,2
STU0196,Female,15,20,56.9,Master,No,No,65,52,Yes,57.97022752328217,-5.970227523282169,0
STU0197,Male,15,25,59.3,,No,Yes,63,76,Yes,65.60139545036509,10.39860454963491,0
STU0198,Female,18,8,99.8,Master,No,Yes,45,39,No,51.96935800584786,-12.969358005847859,2
STU0199,Male,18,7,94.9,PhD,Yes,No,74,60,Yes,49.246886630814274,10.753113369185726,2
STU0200,Male,19,19,64.5,Master,Yes,Yes,76,64,Yes,58.63078157137358,5.369218428626418,0
STU0201,Male,15,8,89.6,Bachelor,No,Yes,76,56,Yes,49.20880926057786,6.791190739422142,2
STU0202,Female,18,27,99.2,Bachelor,Yes,Yes,69,81,Yes,78.33715555974095,2.6628444402590503,2
STU0203,Female,19,15,88.5,,Yes,Yes,70,68,Yes,58.68538088752295,9.314619112477047,2
STU0204,Male,18,16,84.0,Master,Yes,Yes,46,56,Yes,59.29157107415468,-3.2915710741546818,1
STU0205,Male,15,18,57.7,Bachelor,Yes,No,58,51,Yes,55.394090332025,-4.3940903320250015,0
STU0206,Female,15,10,59.8,,No,Yes,68,50,Yes,43.08081961060874,6.919180389391258,4
STU0207,Male,19,22,58.4,,Yes,Yes,73,68,Yes,61.168841392394334,6.831158607605666,0
STU0208,Male,15,4,52.3,,No,Yes,83,42,No,32.67305190172224,9.32694809827776,4
STU0209,Male,18,30,81.4,Master,No,No,61,91,Yes,78.13645751450485,12.863542485495145,1
STU0210,Female,17,16,53.6,High School,Yes,No,83,56,Yes,51.49180717490283,4.508192825097169,0
STU0211,Female,16,12,80.3,Master,No,No,81,47,No,51.84938605265905,-4.8493860526590495,3
STU0212,Female,19,19,55.3,Bachelor,No,Yes,64,56,Yes,56.140874859953584,-0.14087485995358406,0
STU0213,Male,16,5,52.5,PhD,No,Yes,50,28,No,34.12350571766082,-6.123505717660819,4
STU0214,Female,16,26,58.0,,No,No,69,70,Yes,66.64588621552868,3.3541137844713234,0
STU0215,Male,15,14,75.3,Bachelor,Yes,No,36,36,No,53.288826701746224,-17.288826701746224,3
STU0216,Female,18,21,94.1,PhD,No,Yes,43,66,Yes,68.57892873209445,-2.578928732094454,2
STU0217,Male,17,25,68.3,PhD,No,Yes,81,60,Yes,68.03717375501509,-8.03717375501509,0
STU0218,Male,17,19,64.4,PhD,No,No,45,45,No,58.60371736798859,-13.603717367988587,0
STU0219,Male,18,13,89.7,Master,No,Yes,55,61,Yes,56.21750050980578,4.782499490194219,2
STU0220,Female,19,3,52.3,Bachelor,No,No,88,26,No,31.276726492553653,-5.276726492553653,4
STU0221,Male,17,21,65.9,PhD,No,No,94,71,Yes,61.80233123710075,9.197668762899248,0
STU0222,Female,19,11,73.7,High School,No,No,44,45,No,48.66682322008047,-3.6668232200804667,3
STU0223,Female,15,21,73.7,,Yes,Yes,91,61,Yes,63.485585171342606,-2.4855851713426063,1
STU0224,Female,16,28,84.0,High School,Yes,Yes,32,72,Yes,76.0474759841777,-4.047475984177694,1
STU0225,Female,18,6,70.6,Bachelor,No,No,37,44,No,40.84620586930255,3.153794130697449,3
STU0226,Male,19,8,78.0,PhD,No,No,52,44,No,45.641607738129714,-1.6416077381297143,3
STU0227,Female,19,13,83.8,Master,No,Yes,61,49,No,54.19295858030264,-5.192958580302637,3
STU0228,Female,16,11,88.6,Bachelor,No,No,91,57,Yes,53.12714345423361,3.872856545766389,2
STU0229,Female,17,5,78.7,,No,No,74,54,Yes,41.64208093431897,12.357919065681031,3
STU0230,Male,17,3,64.4,High School,No,No,62,44,No,34.55149510213865,9.448504897861348,4
STU0231,Female,16,8,91.4,Master,No,Yes,43,52,Yes,49.69596492150786,2.3040350784921415,2
STU0232,Male,16,3,83.5,,Yes,Yes,36,24,No,40.1485118784618,-16.148511878461797,3
STU0233,Female,17,24,73.6,Bachelor,Yes,Yes,82,79,Yes,67.64749719546336,11.352502804536641,1
STU0234,Female,18,22,60.0,Master,No,No,37,67,Yes,61.60186864655434,5.398131353445663,0
STU0235,Male,19,9,76.8,High School,Yes,No,52,32,No,46.713162706678304,-14.713162706678304,3
STU0236,Female,18,7,96.8,Master,Yes,Yes,68,56,Yes,49.76110649512927,6.238893504870731,2
STU0237,Male,17,11,72.7,,No,Yes,94,56,Yes,48.39618118623047,7.603818813769529,3
STU0238,Female,16,27,55.6,Bachelor,No,No,53,52,Yes,67.39267074345726,-15.39267074345726,0
STU0239,Female,17,20,83.7,Bachelor,Yes,No,84,72,Yes,64.79568010067402,7.204319899325981,1
STU0240,Female,15,14,83.5,Bachelor,Yes,No,71,52,Yes,55.50809137931622,-3.5080913793162196,3
STU0241,Male,17,14,61.8,Master,No,No,31,38,No,49.20740531498308,-11.207405314983077,4
STU0242,Female,16,3,83.4,PhD,No,Yes,81,51,Yes,40.121447675076794,10.878552324923206,3
STU0243,Female,15,22,95.8,Master,No,Yes,58,62,Yes,70.43534559880804,-8.435345598808041,2
STU0244,Female,16,16,87.4,,No,No,90,77,Yes,59.78400005945654,17.215999940543462,2
STU0245,Male,16,23,87.7,High School,No,No,39,71,Yes,70.06722446357978,0.9327755364202233,1
STU0246,Male,15,28,77.4,,Yes,Yes,51,70,Yes,74.2612385607677,-4.261238560767694,1
STU0247,Female,15,23,60.3,,No,Yes,95,70,Yes,63.07938666587792,6.920613334122081,0
STU0248,Male,18,6,75.7,PhD,Yes,No,69,53,Yes,42.22648024193755,10.773519758062449,3
STU0249,Male,18,10,90.8,Bachelor,Yes,Yes,84,55,Yes,52.32623051953503,2.673769480464969,2
STU0250,Male,19,3,96.7,High School,No,Yes,66,44,No,44.14874065506994,-0.14874065506994327,2
STU0251,Male,16,26,82.1,PhD,No,No,87,78,Yes,72.74060530152552,5.25939469847448,1
STU0252,Female,15,23,98.2,,Yes,No,45,62,Yes,72.48121188921662,-10.481211889216624,2
STU0253,Female,19,6,86.4,Bachelor,Yes,Yes,68,47,No,45.12235000413255,1.8776499958674506,3
STU0254,Female,19,14,91.2,Bachelor,No,No,49,51,Yes,58.019788969749364,-7.019788969749364,2
STU0255,Male,15,3,90.5,PhD,Yes,Yes,56,29,No,42.47076004519994,-13.470760045199938,2
STU0256,Male,19,3,72.3,High School,Yes,Yes,81,41,No,37.117321099341794,3.882678900658206,3
STU0257,Male,19,8,87.7,High School,Yes,No,59,58,Yes,48.69458939626286,9.305410603737137,2
STU0258,Female,19,21,88.6,Master,Yes,No,48,73,Yes,67.5181514757076,5.481848524292403,1
STU0259,Male,18,11,63.8,,Yes,No,93,40,No,45.55971315517732,-5.55971315517732,4
STU0260,Female,18,27,76.2,PhD,No,Yes,68,73,Yes,72.54014271097911,0.4598572890208885,1
STU0261,Male,19,17,62.0,Bachelor,No,Yes,89,47,No,55.161525668411414,-8.161525668411414,0
STU0262,Female,18,19,76.5,PhD,Yes,No,56,57,Yes,61.450732047785436,-4.450732047785436,1
STU0263,Male,18,29,68.6,,Yes,Yes,64,73,Yes,73.70366800184442,-0.7036680018444201,0
STU0264,Male,15,8,90.2,,Yes,No,56,45,No,49.37119448088786,-4.3711944808878584,2
STU0265,Female,15,8,96.9,High School,No,Yes,56,49,No,51.18449610768286,-2.184496107682861,2
STU0266,Male,19,12,88.8,PhD,No,No,69,51,Yes,54.5775972701722,-3.5775972701721983,2
STU0267,Female,19,30,74.9,High School,No,No,56,74,Yes,76.37728429447986,-2.377284294479864,1
STU0268,Female,18,3,78.1,Bachelor,Yes,Yes,63,42,No,38.68704489567179,3.3129551043282106,3
STU0269,Female,17,6,59.8,Bachelor,No,Yes,93,47,No,37.49551797393441,9.504482026065588,4
STU0270,Female,17,26,91.1,PhD,No,Yes,75,71,Yes,75.17638360617552,-4.17638360617552,1
STU0271,Male,19,17,59.2,,Yes,Yes,39,57,Yes,54.40372797363142,2.596272026368581,0
STU0272,Male,15,15,56.9,Bachelor,Yes,Yes,31,36,No,49.277584758286665,-13.277584758286665,4
STU0273,Female,17,3,80.9,,No,No,32,20,No,39.4448425904518,-19.4448425904518,3
STU0274,Female,15,2,76.5,Master,No,Yes,94,51,Yes,36.85769223234321,14.142307767656789,3
STU0275,Female,16,5,95.9,,Yes,Yes,54,51,Yes,46.724877846327104,4.275122153672896,2
STU0276,Female,17,10,89.7,High School,No,No,88,62,Yes,52.028524282300026,9.971475717699974,2
STU0277,Male,16,11,84.2,High School,Yes,Yes,81,54,Yes,51.50856457550547,2.491435424494533,3
STU0278,Female,19,17,52.8,High School,Yes,Yes,93,57,Yes,52.671618956991416,4.328381043008584,0
STU0279,Female,19,29,98.7,,Yes,Yes,57,91,Yes,80.99448536115312,10.005514638846876,2
STU0280,Female,17,3,96.2,Master,Yes,Yes,70,32,No,44.01341963814494,-12.013419638144939,2
STU0281,Male,19,6,87.6,PhD,Yes,No,50,48,No,45.44712044475255,2.5528795552474506,3
STU0282,Male,19,28,92.5,,No,No,47,89,Yes,78.34793327190269,10.65206672809731,1
STU0283,Male,19,25,98.7,High School,Yes,No,59,65,Yes,75.4091837244788,-10.409183724478794,2
STU0284,Female,19,26,80.7,,No,No,33,74,Yes,72.36170645413553,1.638293545864471,1
STU0285,Female,18,17,61.4,,No,No,53,60,Yes,54.999140448101414,5.000859551898586,0
STU0286,Female,15,26,80.9,Bachelor,Yes,Yes,64,65,Yes,72.41583486090553,-7.415834860905534,1
STU0287,Female,16,25,69.5,Master,Yes,Yes,30,58,Yes,68.36194419563509,-10.36194419563509,0
STU0288,Female,17,26,63.5,Bachelor,Yes,Yes,85,74,Yes,68.13441740170367,5.865582598296328,0
STU0289,Female,15,2,54.5,,Yes,No,79,20,No,30.475813557855073,-10.475813557855073,4
STU0290,Female,18,14,89.0,,Yes,Yes,78,53,Yes,57.42437649527937,-4.424376495279368,2
STU0291,Male,17,11,63.4,Bachelor,Yes,Yes,85,45,No,45.451456341637325,-0.45145634163732495,4
STU0292,Female,17,17,89.1,Master,No,Yes,93,74,Yes,61.64041692617012,12.359583073829882,2
STU0293,Male,18,5,56.8,High School,No,No,78,50,Yes,35.28726646321582,14.712733536784178,4
STU0294,Female,18,12,71.5,,Yes,No,71,57,Yes,49.467736154779054,7.532263845220946,3
STU0295,Male,18,12,58.9,PhD,No,No,92,57,Yes,45.62989259848091,11.370107401519093,4
STU0296,Male,17,14,64.0,PhD,No,Yes,55,54,Yes,49.80281778945308,4.19718221054692,4
STU0297,Male,19,2,97.7,PhD,Yes,No,67,52,Yes,43.023057279751356,8.976942720248644,2
STU0298,Male,18,23,75.0,Master,Yes,No,49,73,Yes,66.63007063368477,6.369929366315233,1
STU0299,Female,18,4,72.5,,No,No,94,53,Yes,38.56777491528038,14.432225084719619,3
STU0300,Female,19,3,89.5,Master,Yes,Yes,61,49,No,42.20011801134994,6.799881988650057,2
STU0301,Female,16,22,80.6,,No,No,85,62,Yes,66.74934061407619,-4.749340614076189,1
STU0302,Male,15,10,61.1,,Yes,No,77,45,No,43.432654254613745,1.5673457453862554,4
STU0303,Female,19,24,75.0,Master,Yes,No,43,61,Yes,68.02639604285335,-7.026396042853349,1
STU0304,Female,15,5,91.6,Bachelor,No,No,73,48,No,45.56111710077211,2.4388828992278917,2
STU0305,Male,19,17,67.4,High School,No,No,70,46,No,56.622992651201415,-10.622992651201415,0
STU0306,Female,15,27,85.5,High School,No,Yes,51,84,Yes,75.0571136257841,8.942886374215902,1
STU0307,Male,19,7,77.6,Master,No,No,59,55,Yes,44.13702551542113,10.86297448457887,3
STU0308,Female,16,7,82.0,PhD,No,Yes,55,45,No,45.327850464361134,-0.3278504643611342,3
STU0309,Female,18,2,85.2,Bachelor,No,Yes,43,47,No,39.21227792683821,7.787722073161788,3
STU0310,Male,17,12,59.9,High School,No,No,70,53,Yes,45.90053463233091,7.09946536766909,4
STU0311,Female,19,14,79.4,Master,No,No,52,61,Yes,54.39845904053122,6.601540959468778,3
STU0312,Female,19,20,54.2,Bachelor,No,Yes,60,52,Yes,57.23949403188717,-5.239494031887169,0
STU0313,Male,16,13,84.7,,No,No,47,57,Yes,54.43653641076764,2.563463589232363,3
STU0314,Female,18,7,74.3,,Yes,Yes,92,45,No,43.24390680371613,1.7560931962838708,3
STU0315,Male,16,12,92.1,,Yes,No,31,51,Yes,55.47071598187719,-4.470715981877191,2
STU0316,Male,16,28,69.2,,No,No,92,79,Yes,72.46972781298584,6.5302721870141625,0
STU0317,Female,18,7,54.1,High School,Yes,No,34,26,No,37.349183790157994,-11.349183790157994,4
STU0318,Male,19,11,58.4,PhD,No,Yes,44,35,No,44.09824617238733,-9.098246172387327,4
STU0319,Female,19,28,87.8,PhD,Yes,No,43,84,Yes,77.07591571280769,6.924084287192315,1
STU0320,Male,17,29,100.0,PhD,No,No,41,80,Yes,81.34632000515813,-1.3463200051581339,2
STU0321,Male,16,8,90.5,,No,No,51,53,Yes,49.45238709104286,3.5476129089571415,2
STU0322,Male,16,28,60.3,High School,No,No,51,65,Yes,70.06101371172085,-5.061013711720847,0
STU0323,Female,17,20,63.4,,Yes,Yes,82,51,Yes,59.72940074330717,-8.729400743307167,0
STU0324,Female,16,24,93.3,Bachelor,Yes,No,61,85,Yes,72.55139133252021,12.448608667479789,2
STU0325,Female,18,6,78.9,Master,No,No,87,37,No,43.092534750257556,-6.092534750257556,3
STU0326,Male,18,18,87.5,Master,No,No,71,70,Yes,62.603715081178706,7.396284918821294,2
STU0327,Male,15,25,98.6,Master,Yes,No,57,76,Yes,75.38211952109378,0.6178804789062156,2
STU0328,Male,18,10,66.1,Master,No,Yes,92,63,Yes,44.78586442386374,18.214135576136258,4
STU0329,Female,15,3,55.0,PhD,Yes,Yes,50,30,No,32.00745998394865,-2.0074599839486496,4
STU0330,Female,15,15,60.1,Bachelor,No,Yes,65,40,No,50.14363926660666,-10.143639266606662,4
STU0331,Female,17,4,68.6,Bachelor,Yes,No,69,48,No,37.084517053477235,10.915482946522765,4
STU0332,Male,18,22,54.6,High School,Yes,Yes,91,54,Yes,60.14040166376434,-6.140401663764337,0
STU0333,Male,19,9,76.0,PhD,Yes,Yes,73,38,No,46.4966490795983,-8.4966490795983,3
STU0334,Female,16,17,53.5,PhD,Yes,Yes,43,45,No,52.86106838068642,-7.861068380686419,0
STU0335,Female,17,6,69.1,Bachelor,Yes,Yes,31,39,No,40.012488888739405,-1.012488888739405,4
STU0336,Male,18,13,86.1,Bachelor,No,No,57,43,No,55.24318918794578,-12.24318918794578,2
STU0337,Male,16,26,56.2,PhD,No,No,70,79,Yes,66.15873055459868,12.841269445401323,0
STU0338,Male,16,10,82.2,Bachelor,No,Yes,68,44,No,49.57095509863689,-5.570955098636887,3
STU0339,Male,18,11,82.3,Bachelor,No,No,44,41,No,50.994344711190465,-9.994344711190465,3
STU0340,Female,19,4,76.4,High School,No,No,46,35,No,39.62327884729538,-4.623278847295381,3
STU0341,Female,17,19,84.1,PhD,Yes,Yes,38,46,No,63.50761150504543,-17.507611505045432,1
STU0342,Female,16,3,96.1,PhD,No,No,84,57,Yes,43.986355434759936,13.013644565240064,2
STU0343,Female,15,22,76.8,,Yes,No,40,58,Yes,65.72090088544618,-7.720900885446184,1
STU0344,Male,19,8,98.7,Bachelor,No,No,38,43,No,51.67165176861286,-8.671651768612861,2
STU0345,Female,16,3,62.2,PhD,Yes,No,37,24,No,33.95608262766865,-9.95608262766865,4
STU0346,Male,15,2,85.4,High School,Yes,No,74,44,No,39.26640633360822,4.7335936663917835,3
STU0347,Female,16,13,56.3,Master,Yes,Yes,72,60,Yes,46.3225487196395,13.6774512803605,4
STU0348,Female,17,18,53.2,,Yes,No,88,61,Yes,54.1762011797,6.823798820299999,0
STU0349,Female,15,17,93.0,Bachelor,No,Yes,62,74,Yes,62.69592085818512,11.304079141814881,2
STU0350,Male,19,23,86.1,Bachelor,Yes,Yes,31,58,Yes,69.63419720941977,-11.634197209419767,1
STU0351,Male,18,13,69.1,Bachelor,Yes,Yes,83,48,No,49.78676675291949,-1.7867667529194904,4
STU0352,Female,16,15,95.8,Master,No,Yes,77,54,Yes,60.66106773462795,-6.661067734627949,2
STU0353,Male,16,9,90.2,High School,No,Yes,89,52,Yes,50.76751989005645,1.2324801099435518,2
STU0354,Female,17,4,77.7,High School,No,Yes,67,45,No,39.97511349130038,5.024886508699623,3
STU0355,Female,19,9,73.2,,No,Yes,61,36,No,45.738851384818304,-9.738851384818304,3
STU0356,Male,18,2,61.6,Master,Yes,No,30,36,No,32.39737199819007,3.602628001809933,4
STU0357,Female,17,5,60.3,Bachelor,No,No,37,21,No,36.23451358169082,-15.23451358169082,4
STU0358,Female,15,3,96.1,,No,No,88,58,Yes,43.986355434759936,14.013644565240064,2
STU0359,Male,19,5,75.3,PhD,Yes,Yes,85,53,Yes,40.721898019228966,12.278101980771034,3
STU0360,Male,16,11,63.0,Master,No,No,70,48,No,45.34319952809733,2.6568004719026703,4
STU0361,Female,16,4,97.2,Bachelor,Yes,Yes,43,33,No,45.68038708116352,-12.680387081163524,2
STU0362,Female,18,12,70.3,,No,Yes,87,50,Yes,49.142965714159054,0.8570342858409461,3
STU0363,Female,17,29,56.0,Bachelor,No,Yes,57,66,Yes,70.29357837533443,-4.293578375334434,0
STU0364,Male,15,24,62.4,Master,No,Yes,68,61,Yes,65.0440603461315,-4.044060346131502,0
STU0365,Male,15,14,92.7,,Yes,Yes,89,54,Yes,58.425752020524364,-4.425752020524364,2
STU0366,Male,15,2,53.1,Bachelor,Yes,Yes,81,31,No,30.09691471046507,0.9030852895349284,4
STU0367,Male,19,20,62.9,High School,Yes,Yes,55,64,Yes,59.59407972638217,4.405920273617831,0
STU0368,Female,16,4,95.3,Master,Yes,Yes,89,38,No,45.16616721684852,-7.166167216848521,2
STU0369,Male,19,15,91.1,PhD,No,Yes,78,71,Yes,59.389050175532944,11.610949824467056,2
STU0370,Female,16,13,60.7,Bachelor,No,No,87,44,No,47.5133736685795,-3.513373668579497,4
STU0371,Male,19,21,80.8,Master,No,No,91,59,Yes,65.4071436116776,-6.407143611677597,1
STU0372,Male,17,14,56.9,Bachelor,Yes,Yes,78,63,Yes,47.88125934911808,15.118740650881918,4
STU0373,Female,18,19,89.1,Master,No,No,64,58,Yes,64.43306774450728,-6.433067744507284,2
STU0374,Male,17,21,61.0,Master,Yes,No,75,73,Yes,60.47618527123575,12.52381472876425,0
STU0375,Male,16,5,62.4,Bachelor,No,Yes,58,40,No,36.80286185277582,3.19713814722418,4
STU0376,Female,17,28,99.6,Bachelor,Yes,Yes,70,95,Yes,79.84173778244954,15.158262217550458,2
STU0377,Female,19,2,85.2,Master,Yes,Yes,93,49,No,39.21227792683821,9.787722073161788,3
STU0378,Female,16,17,51.9,High School,Yes,Yes,32,48,No,52.428041126526416,-4.428041126526416,0
STU0379,Female,15,12,95.9,Bachelor,Yes,No,52,67,Yes,56.499155710507196,10.500844289492804,2
STU0380,Female,15,2,57.4,Bachelor,Yes,No,39,24,No,31.26067545602007,-7.260675456020071,4
STU0381,Female,19,5,66.8,Master,Yes,Yes,85,54,Yes,37.993686801715825,16.006313198284175,4
STU0382,Female,17,7,85.4,,No,Yes,52,43,No,46.24803337945113,-3.2480333794511296,3
STU0383,Female,17,6,58.9,High School,No,Yes,53,41,No,37.25194014346941,3.7480598565305883,4
STU0384,Female,19,9,82.0,High School,No,Yes,72,60,Yes,48.1205012826983,11.8794987173017,3
STU0385,Male,16,13,99.1,Bachelor,Yes,No,87,51,Yes,58.76153562799578,-7.761535627995777,2
STU0386,Female,16,9,84.7,Master,No,Yes,30,30,No,48.8512347740933,-18.8512347740933,3
STU0387,Female,18,25,71.0,Bachelor,No,No,78,70,Yes,68.76790724641009,1.2320927535899102,0
STU0388,Female,15,28,74.0,,Yes,Yes,87,68,Yes,73.3410556456777,-5.341055645677699,1
STU0389,Male,17,2,65.9,High School,Yes,No,51,29,No,33.56113274374507,-4.56113274374507,4
STU0390,Male,15,19,97.1,High School,No,No,33,62,Yes,66.59820401530729,-4.598204015307289,2
STU0391,Male,19,30,71.7,High School,Yes,No,56,68,Yes,75.51122978615986,-7.511229786159859,1
STU0392,Female,19,25,96.3,,No,No,68,71,Yes,74.7596428432388,-3.759642843238794,2
STU0393,Male,15,14,78.6,PhD,Yes,Yes,76,44,No,54.18194541345122,-10.181945413451217,3
STU0394,Female,15,11,91.2,,No,Yes,42,37,No,53.830812742243616,-16.830812742243616,2
STU0395,Male,16,22,64.6,High School,No,Yes,69,76,Yes,62.84682200226433,13.153177997735668,0
STU0396,Female,18,17,94.7,Master,Yes,No,53,60,Yes,63.156012315730116,-3.1560123157301163,2
STU0397,Female,17,7,72.3,Master,No,No,63,36,No,42.70262273601613,-6.7026227360161315,3
STU0398,Female,19,3,57.6,High School,Yes,No,82,47,No,32.711129271958654,14.288870728041346,4
STU0399,Male,19,3,92.0,,No,No,60,44,No,42.87672309597494,1.1232769040250616,2
STU0400,Female,15,14,95.1,High School,Yes,Yes,87,56,Yes,59.075292901764364,-3.0752929017643638,2
STU0401,Male,16,27,59.6,High School,No,Yes,85,66,Yes,68.47523887885725,-2.4752388788572546,0
STU0402,Male,19,10,66.0,High School,Yes,No,80,52,Yes,44.75880022047874,7.24119977952126,4
STU0403,Female,17,18,72.9,High School,No,Yes,83,54,Yes,59.080095316756854,-5.080095316756854,1
STU0404,Male,19,20,79.1,High School,Yes,Yes,66,68,Yes,63.55072674496402,4.449273255035983,1
STU0405,Female,18,10,69.2,PhD,No,Yes,52,39,No,45.62485472879874,-6.624854728798738,4
STU0406,Female,16,21,80.4,PhD,Yes,No,72,77,Yes,65.2988867981376,11.701113201862398,1
STU0407,Male,15,25,73.8,Master,No,Yes,73,84,Yes,69.09795101140193,14.902048988598068,1
STU0408,Female,17,10,92.1,High School,Yes,Yes,68,64,Yes,52.678065163540026,11.321934836459974,2
STU0409,Female,17,10,86.4,,Yes,Yes,86,49,No,50.70765164080689,-1.707651640806887,3
STU0410,Female,18,26,75.8,Master,Yes,Yes,38,63,Yes,71.03556048827052,-8.03556048827052,1
STU0411,Female,16,26,92.6,,Yes,Yes,54,68,Yes,75.58234665695052,-7.58234665695052,1
STU0412,Male,16,3,72.8,Master,Yes,No,77,40,No,37.2526421162668,2.7473578837332013,3
STU0413,Female,15,23,51.5,Master,No,No,52,60,Yes,60.697736767997924,-0.6977367679979238,0
STU0414,Female,17,7,91.9,Master,Yes,No,33,41,No,48.43496052926427,-7.4349605292642735,2
STU0415,Male,16,29,78.6,Bachelor,Yes,Yes,56,71,Yes,75.98233441055628,-4.982334410556277,1
STU0416,Female,19,2,93.2,High School,No,Yes,52,45,No,41.805168127426356,3.194831872573644,2
STU0417,Male,16,10,80.4,Master,No,No,78,50,Yes,49.08379943770689,0.9162005622931133,3
STU0418,Female,17,8,73.3,,No,Yes,30,40,No,44.36959017903472,-4.3695901790347165,3
STU0419,Female,19,22,79.7,Master,No,Yes,91,62,Yes,66.50576278361119,-4.505762783611189,1
STU0420,Female,17,22,66.3,Master,No,No,54,52,Yes,63.30691345980934,-11.306913459809337,0
STU0421,Male,15,27,92.9,,No,No,47,85,Yes,77.0598646762741,7.940135323725897,1
STU0422,Male,18,11,63.0,PhD,No,No,34,45,No,45.34319952809733,-0.3431995280973297,4
STU0423,Male,17,25,85.7,,No,No,94,76,Yes,72.31859121421694,3.681408785783063,1
STU0424,Male,19,7,64.7,PhD,Yes,No,53,46,No,40.21798934896799,5.78201065103201,4
STU0425,Female,15,9,67.8,Master,No,No,77,42,No,43.84963047224016,-1.8496304722401575,4
STU0426,Female,18,29,55.9,High School,Yes,No,54,72,Yes,70.26651417194942,1.7334858280505756,0
STU0427,Male,18,18,64.9,High School,Yes,Yes,55,52,Yes,57.342712975745,-5.342712975745002,0
STU0428,Female,19,30,95.3,PhD,Yes,No,53,93,Yes,81.89838178501986,11.101618214980135,1
STU0429,Male,18,12,81.6,Bachelor,No,Yes,30,47,No,52.20122069666405,-5.201220696664052,3
STU0430,Female,16,26,88.7,,Yes,No,41,62,Yes,74.52684272493552,-12.52684272493552,1
STU0431,Female,18,14,71.5,PhD,No,Yes,34,51,Yes,52.26038697311622,-1.2603869731162192,3
STU0432,Male,17,2,94.6,,Yes,Yes,30,42,No,42.18406697481635,-0.18406697481635348,2
STU0433,Male,16,24,93.8,Master,Yes,Yes,79,80,Yes,72.6867123494452,7.313287650554798,2
STU0434,Female,16,4,91.2,Master,No,No,73,45,No,44.05653487806352,0.9434651219364767,2
STU0435,Male,17,30,74.5,Bachelor,Yes,No,32,65,Yes,76.26902748093985,-11.269027480939855,1
STU0436,Male,16,8,86.7,,Yes,Yes,76,60,Yes,47.996193432624715,12.003806567375285,3
STU0437,Male,18,30,82.0,,Yes,Yes,43,83,Yes,78.29884273481485,4.701157265185145,1
STU0438,Male,15,24,55.8,PhD,No,Yes,62,65,Yes,63.2578229227215,1.7421770772784981,0
STU0439,Male,16,24,84.3,High School,No,No,42,75,Yes,70.54336695765835,4.45663304234165,1
STU0440,Female,19,21,85.0,PhD,Yes,Yes,66,58,Yes,66.5438401538476,-8.543840153847597,1
STU0441,Male,18,8,80.5,Master,Yes,No,82,46,No,46.31821282275472,-0.31821282275471674,3
STU0442,Male,15,19,74.8,Bachelor,No,No,60,47,No,60.99064059024043,-13.990640590240432,1
STU0443,Male,15,5,91.8,PhD,Yes,Yes,95,41,No,45.615245507542106,-4.615245507542106,2
STU0444,Male,17,22,61.6,Master,No,No,36,46,No,62.03489590071434,-16.03489590071434,0
STU0445,Male,15,29,64.5,Master,No,Yes,42,80,Yes,72.59403566305943,7.4059643369405705,0
STU0446,Male,15,29,56.9,Bachelor,No,No,86,81,Yes,70.53715620579943,10.462843794200566,0
STU0447,Female,15,13,90.7,Bachelor,Yes,No,81,61,Yes,56.48814254365578,4.511857456344217,2
STU0448,Female,18,24,92.5,PhD,Yes,Yes,46,79,Yes,72.3348777054402,6.665122294559794,2
STU0449,Male,16,5,70.8,,No,No,53,43,No,39.50400886690396,3.495991133096041,3
STU0450,Female,17,21,51.4,Bachelor,No,No,44,53,Yes,57.878021746275756,-4.878021746275756,0
STU0451,Female,15,4,63.1,Master,Yes,Yes,73,40,No,35.59598586730223,4.4040141326977675,4
STU0452,Male,18,23,86.3,PhD,No,No,49,72,Yes,69.68832561618977,2.311674383810228,1
STU0453,Male,15,22,96.7,,No,No,51,59,Yes,70.67892342927304,-11.678923429273041,2
STU0454,Female,17,9,66.5,Master,Yes,Yes,78,46,No,43.497795828235155,2.502204171764845,4
STU0455,Male,15,16,72.2,,No,Yes,93,63,Yes,55.242487215148394,7.757512784851606,3
STU0456,Female,15,17,87.3,High School,Yes,No,82,54,Yes,61.15326126524012,-7.153261265240118,2
STU0457,Male,15,27,80.2,,No,Yes,88,77,Yes,73.6227108463791,3.377289153620893,1
STU0458,Female,15,28,61.1,PhD,No,No,76,82,Yes,70.27752733880084,11.722472661199163,0
STU0459,Female,15,5,88.0,Bachelor,Yes,No,75,53,Yes,44.15905184912396,8.840948150876038,3
STU0460,Female,19,18,68.7,High School,Yes,Yes,93,55,Yes,58.371152704375,-3.3711527043749996,0
STU0461,Female,15,10,80.5,Bachelor,Yes,No,57,49,No,49.11086364109188,-0.11086364109188196,3
STU0462,Male,17,5,87.9,High School,Yes,No,88,57,Yes,44.13198764573896,12.86801235426104,3
STU0463,Male,18,2,76.5,High School,No,No,95,53,Yes,36.85769223234321,16.14230776765679,3
STU0464,Male,19,7,86.5,Bachelor,Yes,No,71,51,Yes,46.54573961668613,4.454260383313873,3
STU0465,Female,18,21,95.8,Bachelor,No,No,73,68,Yes,69.03902018963944,-1.0390201896394444,2
STU0466,Female,16,6,70.6,,No,No,57,32,No,40.84620586930255,-8.846205869302551,3
STU0467,Male,19,24,64.5,Master,Yes,Yes,94,76,Yes,65.6124086172165,10.387591382783498,0
STU0468,Female,15,26,67.6,PhD,No,No,84,86,Yes,69.24404974048868,16.755950259511323,0
STU0469,Male,19,5,51.3,Bachelor,Yes,Yes,55,26,No,33.79873527704082,-7.798735277040819,4
STU0470,Male,17,23,62.5,High School,No,Yes,34,56,Yes,63.67479914034792,-7.674799140347922,0
STU0471,Female,15,21,93.4,,Yes,No,60,72,Yes,68.38947930839946,3.6105206916005415,2
STU0472,Female,15,14,69.4,Master,Yes,Yes,62,45,No,51.26428477224308,-6.26428477224308,4
STU0473,Female,16,22,85.2,Master,Yes,Yes,67,70,Yes,67.99429396978618,2.0057060302138154,1
STU0474,Male,15,7,98.1,,Yes,No,35,44,No,50.11294113913427,-6.112941139134271,2
STU0475,Female,19,10,56.5,,No,Yes,72,45,No,42.18770089890374,2.812299101096258,4
STU0476,Male,15,6,96.4,,Yes,No,92,66,Yes,48.25652427242069,17.74347572757931,2
STU0477,Female,15,27,85.4,,Yes,Yes,38,83,Yes,75.0300494223991,7.969950577600898,1
STU0478,Male,18,19,76.9,High School,No,Yes,57,68,Yes,61.55898886132544,6.441011138674561,1
STU0479,Female,17,13,64.7,,No,Yes,44,53,Yes,48.59594180397949,4.404058196020507,4
STU0480,Female,18,9,95.2,,Yes,Yes,71,53,Yes,52.120730059306446,0.879269940693554,2
STU0481,Male,18,10,77.0,Master,Yes,No,95,67,Yes,48.163616522616884,18.836383477383116,3
STU0482,Female,18,3,64.8,Bachelor,No,Yes,42,22,No,34.659751915678655,-12.659751915678655,4
STU0483,Male,15,8,83.5,Bachelor,No,Yes,56,50,Yes,47.13013892430472,2.869861075695283,3
STU0484,Female,15,25,84.3,High School,No,No,34,56,Yes,71.93969236682693,-15.939692366826932,1
STU0485,Male,15,7,89.7,,Yes,Yes,63,48,No,47.83954805479428,0.1604519452057218,2
STU0486,Female,18,22,70.2,Master,Yes,No,45,65,Yes,64.36241739182434,0.6375826081756628,0
STU0487,Male,19,4,87.8,,Yes,Yes,75,48,No,42.70859803318538,5.291401966814618,3
STU0488,Male,17,27,84.3,,Yes,No,86,79,Yes,74.7323431851641,4.267656814835902,1
STU0489,Female,15,17,57.8,Bachelor,Yes,No,67,61,Yes,54.024829126241414,6.975170873758586,0
STU0490,Male,17,23,94.3,Master,Yes,Yes,45,57,Yes,71.42570795720162,-14.425707957201624,2
STU0491,Male,19,21,69.7,,Yes,No,56,71,Yes,62.83077096573075,8.16922903426925,0
STU0492,Female,16,15,95.3,,Yes,Yes,53,53,Yes,60.525746717702944,-7.525746717702944,2
STU0493,Female,16,5,59.1,,Yes,No,39,27,No,35.90974314107082,-8.90974314107082,4
STU0494,Male,17,5,59.9,,No,No,75,29,No,36.126256768150824,-7.126256768150824,4
STU0495,Male,15,11,81.0,Bachelor,No,No,87,53,Yes,50.64251006718547,2.3574899328145307,3
STU0496,Female,19,6,78.3,Master,No,No,51,27,No,42.93014952994755,-15.930149529947549,3
STU0497,Female,16,27,61.1,PhD,No,No,47,74,Yes,68.88120192963225,5.118798070367745,0
STU0498,Female,18,16,72.3,Master,No,Yes,52,61,Yes,55.26955141853339,5.730448581466611,3
STU0499,Male,17,29,91.3,,Yes,No,39,86,Yes,79.41948824045127,6.5805117595487275,1
STU0500,Male,15,29,75.4,High School,No,Yes,34,74,Yes,75.11627990223627,-1.116279902236272,1
